Timestamp,cpu,mem,process
20180420160935,66.2,24.3,cmd1
20180420160953,43.38,34.21,cmd1
20180420161002,11.55,18.41,cmd1
20180420161005,25.33,1.59,cmd1
20180420161007,50.11,24.05,cmd1
20180420161101,37.25,15.34,cmd1
20180420161101,40.23,36.87,cmd14
20180420161201,71.36,5.55,cmd1
20180420161302,72.33,24.33,cmd1
20180420161302,103.51,11.22,cmd5
20180420161401,34.13,3.2,cmd2
20180420161401,66.23,12.57,cmd3
20180420161501,50.57,15.47,cmd2
20180420161602,48.55,37.7,cmd2
20180420161701,31.36,4.03,cmd2
20180420161801,44.81,34.45,cmd2
20180420161902,64.8,12.64,cmd2
20180420162001,28.17,29.48,cmd2
20180420162101,52.19,35.9,cmd2
20180420162202,103.02,25.7,cmd2
20180420162301,47.79,11.85,cmd3
20180420162301,42.29,40.6,cmd2
20180420162401,80.2,22.66,cmd2
20180420162501,35.83,26.62,cmd2
20180420162601,19.27,9.97,cmd11
20180420162601,83.5,17.1,cmd2
20180420162702,91.76,13.25,cmd2
20180420162801,93.27,23.9,cmd2
20180420162901,79.69,11.04,cmd2
20180420163002,26.29,28.02,cmd2
20180420163101,71.55,27.6,cmd2
20180420163201,89.55,21.14,cmd2
20180420163302,64.37,32.48,cmd2
20180420163401,92.91,32.69,cmd9
20180420163401,26.18,22.59,cmd2
20180420163501,82.03,20.73,cmd2
20180420163602,83.2,7.68,cmd2
20180420163701,22.61,38.05,cmd2
20180420163801,52,19.61,cmd2
20180420163902,60.71,1.27,cmd2
20180420164001,97.29,3.46,cmd2
20180420164001,84.66,38.47,cmd9
20180420164101,93.11,13.41,cmd2
20180420164202,92.28,27.4,cmd2
20180420164301,34.61,16.23,cmd2
20180420164401,13.11,13.25,cmd2
20180420164501,44.92,11.33,cmd2
20180420164501,91.94,40.14,cmd5
20180420164601,78.39,36.2,cmd2
20180420164702,51.8,32.29,cmd2
20180420164702,31.92,17.88,cmd9
20180420164801,80.3,22.9,cmd2
20180420164901,45.17,40.93,cmd2
20180420165002,22.58,26.78,cmd2
20180420165101,17.83,21,cmd2
20180420165201,31.16,36.86,cmd2
20180420165302,22.18,32.62,cmd2
20180420165401,55.17,15.06,cmd2
20180420165501,15.56,35.59,cmd2
20180420165501,29.56,34.8,cmd8
20180420165602,14.2,16.31,cmd2
20180420165701,89.85,6.42,cmd2
20180420165801,76.74,39,cmd2
20180420165902,38.84,1.37,cmd2
20180420170001,100.61,26.18,cmd2
20180420170102,67.59,26.11,cmd2
20180420170201,97.13,24.37,cmd2
20180420170301,7.04,38.95,cmd2
20180420170402,5.6,2.42,cmd2
20180420170402,20.58,10.38,cmd3
20180420170501,68.97,12.05,cmd2
20180420170601,77.28,32.35,cmd2
20180420170702,38.38,28.91,cmd2
20180420170801,101.66,13.23,cmd2
20180420170801,25.35,29.82,cmd4
20180420170901,58.31,37.07,cmd2
20180420171002,94.35,34.37,cmd2
20180420171101,27.49,11.73,cmd2
20180420171101,60.96,5.12,cmd11
20180420171201,23.68,3.75,cmd2
20180420171302,89.72,33.06,cmd2
20180420171401,53.11,21.63,cmd2
20180420171501,12.16,25.29,cmd2
20180420171501,58.92,29.75,cmd5
20180420171601,90.67,40.4,cmd2
20180420171701,30.31,34.74,cmd2
20180420171802,74.49,9.08,cmd2
20180420171901,74,34.74,cmd2
20180420172001,68.48,28.3,cmd2
20180420172102,15.44,6.12,cmd2
20180420172102,27.78,11.65,cmd4
20180420172102,20.15,4.11,cmd3
20180420172102,22.81,38.44,cmd9
20180420172201,66.06,35.14,cmd2
20180420172301,68.42,19.74,cmd2
20180420172402,41.85,13.67,cmd2
20180420172501,89.05,11.09,cmd2
20180420172601,101.82,35.9,cmd2
20180420172601,42.93,1.65,cmd5
20180420172702,93.73,4.15,cmd2
20180420172702,46.88,38.02,cmd3
20180420172801,99.23,26.55,cmd2
20180420172801,62.35,22.17,cmd3
20180420172901,25.63,20.32,cmd2
20180420173002,6.63,18.81,cmd2
20180420173101,103.98,29.07,cmd2
20180420173202,70.73,14.83,cmd2
20180420173301,40.96,21.26,cmd2
20180420173401,84.12,15.46,cmd2
20180420173502,63.31,25.13,cmd2
20180420173601,63.59,3.77,cmd2
20180420173701,46.33,40.58,cmd2
20180420173802,59.66,21.86,cmd2
20180420174301,5.25,22.24,cmd2
20180420174402,88.4,13.23,cmd2
20180420174501,54.95,2.22,cmd2
20180420174602,77.65,6.22,cmd2
20180420174701,90.78,9.27,cmd2
20180420174801,15.12,26.9,cmd2
20180420174902,43.02,10.23,cmd2
20180420174902,94.17,32.14,cmd5
20180420175001,98.99,36.98,cmd2
20180420175101,27.67,17.22,cmd2
20180420175202,61.77,11.91,cmd2
20180420175301,17.67,19.05,cmd1
20180420175401,97.91,7.02,cmd1
20180420175502,52.57,17.72,cmd1
20180420175601,65.19,6.58,cmd1
20180420175601,17.11,35.21,cmd5
20180420175701,72.22,18.12,cmd1
20180420175701,19.27,39.58,cmd3
20180420175802,96.93,26.99,cmd1
20180420175802,35.3,6.59,cmd11
20180420175901,87.22,36.45,cmd1
20180420180002,35.89,4.33,cmd1
20180420180101,72.83,38.94,cmd1
20180420180201,85.84,30.83,cmd1
20180420180302,30.61,16.82,cmd1
20180420180401,66.06,35.89,cmd1
20180420180401,75.68,18.78,cmd3
20180420180401,89.43,21.65,cmd3
20180420180501,64.78,19.84,cmd1
20180420180602,50.85,5.61,cmd1
20180420180701,34.79,30.26,cmd1
20180420180801,50.61,31.94,cmd1
20180420180801,75.02,1.23,cmd8
20180420180902,89.3,6.2,cmd1
20180420181001,13.45,30.54,cmd2
20180420181001,14.68,17.6,cmd3
20180420181001,81.45,14.16,cmd5
20180420181101,5.75,39.86,cmd3
20180420181101,99.81,16.62,cmd2
20180420181202,7.1,34.01,cmd2
20180420181202,61.08,16.6,cmd9
20180420181301,75.25,27.36,cmd2
20180420181402,75.64,38.37,cmd2
20180420181402,93.62,10.76,cmd8
20180420181402,90.75,8.36,cmd3
20180420181501,92.83,34.11,cmd2
20180420181601,60.07,13.82,cmd2
20180420181601,79.41,7.55,cmd3
20180420181702,65.41,39.73,cmd2
20180420181801,98.61,25.15,cmd2
20180420181901,35.29,30.26,cmd2
20180420181901,88.52,41,cmd5
20180420182002,23.83,38.55,cmd2
20180420182101,89.7,0.26,cmd2
20180420182201,66.04,12.37,cmd2
20180420182302,34.66,26.23,cmd2
20180420182401,51.48,2.54,cmd2
20180420182501,34.95,2.7,cmd2
20180420182602,43.2,20.52,cmd2
20180420182701,73.02,35.45,cmd2
20180420182701,88.19,40.19,cmd14
20180420182801,88.37,4.66,cmd2
20180420182902,18.01,3.63,cmd2
20180420182902,48.25,26.73,cmd12
20180420183001,60.65,13.3,cmd2
20180420183101,54.41,21.59,cmd2
20180420183201,69.18,40.71,cmd2
20180420183301,57.22,10.66,cmd2
20180420183402,97.31,36.64,cmd2
20180420183402,53.65,6.74,cmd5
20180420183501,48.53,26.4,cmd2
20180420183601,38.29,37.68,cmd2
20180420183702,97.25,14.88,cmd2
20180420183702,21.84,4.27,cmd8
20180420183702,18.4,15.29,cmd12
20180420183702,24.81,29.09,cmd3
20180420183801,7.27,0.02,cmd2
20180420183901,73.2,36.18,cmd2
20180420184002,55.46,29.4,cmd2
20180420184101,25.61,5.36,cmd2
20180420184201,36.48,21.44,cmd2
20180420184302,32.87,10.91,cmd2
20180420184401,50.94,19.26,cmd2
20180420184501,64.55,33.97,cmd2
20180420184501,93.95,26.21,cmd3
20180420184602,86.05,15.73,cmd2
20180420184701,99.33,7.15,cmd2
20180420184802,92.5,29.17,cmd2
20180420184901,47.41,8.09,cmd2
20180420185001,82.9,16,cmd2
20180420185102,76.82,39.02,cmd2
20180420185201,9.28,23.68,cmd2
20180420185301,40.14,8.34,cmd2
20180420185402,37.81,28.33,cmd2
20180420185501,72.3,1.68,cmd2
20180420185601,59.09,15.69,cmd2
20180420185601,63.05,22.12,cmd5
20180420185702,30.99,31.61,cmd2
20180420185801,44.39,22.17,cmd1
20180420185901,63.87,3.76,cmd1
20180420190002,95.45,25.76,cmd1
20180420190101,89.4,8.71,cmd1
20180420190201,98.26,38.33,cmd1
20180420190302,20.83,37.55,cmd3
20180420190302,19.92,11.26,cmd1
20180420190401,72.36,36.24,cmd1
20180420190501,16.46,37.79,cmd1
20180420190602,54.48,26.72,cmd1
20180420190701,9.89,35.24,cmd1
20180420190801,71.21,4.77,cmd1
20180420190902,55.15,30.68,cmd1
20180420191001,27.2,18.96,cmd1
20180420191101,12.62,22.58,cmd1
20180420191201,43.47,30.28,cmd1
20180420191301,29.15,24.01,cmd1
20180420191402,93.07,36.49,cmd1
20180420191402,17.1,36.42,cmd8
20180420191501,74.99,32.37,cmd1
20180420191601,35.03,38.69,cmd1
20180420191702,22.34,0.84,cmd1
20180420191801,58.33,0.84,cmd1
20180420191901,36.43,22.22,cmd1
20180420192002,45.55,18.26,cmd1
20180420192002,27.29,39.76,cmd4
20180420192002,100.76,38.13,cmd3
20180420192101,15.36,36.2,cmd1
20180420192201,90.97,7.86,cmd1
20180420192302,38.47,11.19,cmd1
20180420192401,42.86,28.14,cmd1
20180420192501,5.95,22.03,cmd1
20180420192602,80.71,20.47,cmd1
20180420192701,5.17,38.35,cmd1
20180420192801,57.04,7.37,cmd1
20180420192901,21.96,10.59,cmd1
20180420193001,34.8,0.68,cmd1
20180420193102,62.16,16.62,cmd1
20180420193102,15.06,33.79,cmd8
20180420193201,90.07,27.45,cmd1
20180420193301,54.08,11.97,cmd1
20180420193402,59.23,12.47,cmd1
20180420193501,65.91,35.05,cmd1
20180420193601,98.11,35.66,cmd1
20180420193702,37.59,21.98,cmd1
20180420193801,78.74,32.04,cmd1
20180420193901,101.52,25.68,cmd1
20180420194002,75.94,17.6,cmd1
20180420194101,92.41,4.47,cmd1
20180420194101,48.46,28.77,cmd5
20180420194201,52.12,15.69,cmd1
20180420194301,49.21,17.93,cmd1
20180420194401,76.44,12.3,cmd1
20180420194502,100.25,14.16,cmd1
20180420194601,58.83,15.33,cmd1
20180420194701,6.4,37.31,cmd1
20180420194802,35.72,24.18,cmd1
20180420194802,89.34,31.21,cmd3
20180420194901,19.43,13.05,cmd1
20180420195001,14.91,23.87,cmd1
20180420195102,12.6,15.65,cmd1
20180420195102,19.98,13.97,cmd8
20180420195102,60.25,24.46,cmd3
20180420195201,79.68,10.54,cmd1
20180420195301,75.55,30.5,cmd1
20180420195402,26.88,10.23,cmd1
20180420195501,5.14,3.79,cmd1
20180420195602,57.57,5.37,cmd1
20180420195701,101.86,2.63,cmd1
20180420195801,21.02,21.18,cmd1
20180420195902,9.89,12.03,cmd1
20180420195902,58.22,41,cmd5
20180420195902,27.41,12.1,cmd3
20180420200001,5.98,37.16,cmd1
20180420200001,50.36,40.19,cmd3
20180420200101,86.01,20.34,cmd1
20180420200202,28.64,31.76,cmd1
20180420200301,28.53,29.46,cmd1
20180420200401,10.24,28.33,cmd1
20180420200502,92.73,37.16,cmd1
20180420200502,25.43,31.46,cmd3
20180420200601,58.42,40.78,cmd1
20180420200701,59.67,5.42,cmd1
20180420200701,58.75,0.55,cmd3
20180420200701,67.93,23.5,cmd9
20180420200802,39.79,7.27,cmd1
20180420200802,17.75,1.38,cmd3
20180420200901,98.81,27.36,cmd1
20180420201001,8.13,9.22,cmd1
20180420201001,5.89,5.67,cmd3
20180420201101,38.57,33.67,cmd1
20180420201201,31.06,34.65,cmd1
20180420201302,69.68,13.28,cmd1
20180420201302,48.39,27.62,cmd5
20180420201401,63.72,20.52,cmd1
20180420201501,76,28.01,cmd1
20180420201602,74.35,35.91,cmd1
20180420201701,103.48,30.03,cmd1
20180420201801,22.01,7.16,cmd1
20180420201902,9.84,26.76,cmd1
20180420202001,102.65,24.73,cmd1
20180420202101,90.11,15.69,cmd1
20180420202202,88.39,6.58,cmd1
20180420202301,39.09,14.7,cmd1
20180420202401,21.2,30.33,cmd1
20180420202501,72.36,0.5,cmd1
20180420202601,51.2,37.86,cmd1
20180420202702,34.23,3.85,cmd1
20180420202801,35.52,17.13,cmd1
20180420202901,67.36,23.86,cmd1
20180420203002,54.28,39.01,cmd1
20180420203101,98.72,15.22,cmd1
20180420203201,69.4,40.91,cmd1
20180420203302,50.57,39.36,cmd1
20180420203401,35.13,17.88,cmd1
20180420203501,80.75,16.59,cmd1
20180420203602,71.99,28.32,cmd1
20180420203602,95.13,24.35,cmd3
20180420203701,31.09,40.12,cmd1
20180420203801,6.16,26.03,cmd1
20180420203902,56.78,10.01,cmd1
20180420204001,37.05,37.59,cmd1
20180420204001,15.61,32.08,cmd3
20180420204101,84.49,29.66,cmd3
20180420204101,17.09,30.27,cmd1
20180420204202,53.68,7.18,cmd1
20180420204301,24.86,9.04,cmd3
20180420204301,42,35.81,cmd1
20180420204401,77.05,26.06,cmd1
20180420204502,59.69,10.63,cmd1
20180420204601,91.57,33.24,cmd1
20180420204701,30.52,20.48,cmd1
20180420204801,54.29,11.74,cmd1
20180420204901,67.81,2.92,cmd1
20180420205002,17.84,6.93,cmd1
20180420205101,86.69,17.36,cmd1
20180420205201,90.85,3.29,cmd1
20180420205302,30.37,20.17,cmd1
20180420205401,40.03,33.6,cmd1
20180420205501,92.3,22.38,cmd1
20180420205602,64.26,10.98,cmd1
20180420205701,101.4,17.79,cmd1
20180420205801,32.01,34.92,cmd1
20180420205902,39.88,10.96,cmd1
20180420205902,66.25,29.08,cmd5
20180420210001,31.49,13.67,cmd1
20180420210101,26.01,40.5,cmd1
20180420210101,21.23,0.54,cmd3
20180420210202,88.49,6.78,cmd1
20180420210301,90.49,19.22,cmd9
20180420210301,16.19,30.11,cmd1
20180420210402,96.25,20.91,cmd1
20180420210501,99.01,23.8,cmd1
20180420210601,16.9,39.47,cmd1
20180420210702,39.05,11.83,cmd1
20180420210702,24.32,37.61,cmd5
20180420210801,91.39,33.3,cmd1
20180420210901,43.18,18.01,cmd1
20180420211002,19.43,21.36,cmd1
20180420211101,39.19,33.42,cmd1
20180420211201,20.64,22.08,cmd1
20180420211302,27.22,11.83,cmd1
20180420211401,64.74,40.88,cmd1
20180420211401,95.51,20.86,cmd5
20180420211501,46.91,10.88,cmd1
20180420211602,23.58,8.43,cmd1
20180420211602,13.84,31.8,cmd11
20180420211701,31.85,20.02,cmd1
20180420211801,16.69,21.06,cmd1
20180420211902,11.09,15.53,cmd1
20180420212001,25.78,33.31,cmd1
20180420212102,50.01,17.82,cmd1
20180420212201,14.09,23.91,cmd1
20180420212301,7.51,6.44,cmd1
20180420212402,69.34,10.92,cmd1
20180420212402,52.31,8.42,cmd5
20180420212501,46.04,17.81,cmd1
20180420212501,21.87,2.37,cmd3
20180420212601,46.21,16.92,cmd1
20180420212702,85.09,6.23,cmd1
20180420212702,37.47,31.41,cmd9
20180420212801,83.3,16.36,cmd1
20180420212901,89.79,38.63,cmd1
20180420213002,50.82,18.49,cmd1
20180420213101,73.96,1.91,cmd1
20180420213201,34.76,5.07,cmd1
20180420213301,53.92,9.68,cmd5
20180420213301,42.09,0.51,cmd1
20180420213401,40.94,30.86,cmd1
20180420213502,80.36,17.02,cmd1
20180420213601,34.77,8.07,cmd1
20180420213701,25.5,14.07,cmd9
20180420213701,93.48,3.12,cmd1
20180420213802,28.85,20.33,cmd1
20180420213901,29.63,8.22,cmd1
20180420214001,94.54,34.12,cmd1
20180420214102,29.12,34.8,cmd1
20180420214201,62.84,4.91,cmd1
20180420214301,60.92,21.78,cmd1
20180420214402,83.06,0.69,cmd1
20180420214501,57.26,13.78,cmd1
20180420214601,48.01,18.95,cmd1
20180420214702,26.26,12.82,cmd1
20180420214801,16.37,32.76,cmd1
20180420214901,46.08,35.14,cmd1
20180420215002,43.09,38.99,cmd1
20180420215101,66.33,31.33,cmd1
20180420215101,102.2,27.79,cmd4
20180420215202,69.3,10.24,cmd1
20180420215202,25.26,18.2,cmd12
20180420215301,54.38,17.93,cmd1
20180420215401,67.56,6.5,cmd1
20180420215502,53.39,0.22,cmd1
20180420215601,16.91,11.46,cmd1
20180420215701,43.44,32.58,cmd1
20180420215802,22.78,12.23,cmd1
20180420215901,87.81,15.52,cmd1
20180420220001,66.47,26.33,cmd1
20180420220102,40.28,22.05,cmd1
20180420220201,48.26,15.4,cmd1
20180420220301,5.64,18.46,cmd1
20180420220401,92.84,10.5,cmd1
20180420220401,75.2,19.34,cmd3
20180420220401,36.1,36.04,cmd11
20180420220501,40.43,26.4,cmd1
20180420220602,76.1,0.94,cmd1
20180420220701,96,24.49,cmd1
20180420220801,44.11,4.72,cmd1
20180420220902,77.48,24.7,cmd1
20180420221001,79,36.68,cmd1
20180420221101,96.8,34.91,cmd1
20180420221202,80,16.91,cmd1
20180420221301,14.78,12.96,cmd1
20180420221401,38.02,8,cmd1
20180420221502,31.45,40.41,cmd1
20180420221601,72.2,14.15,cmd1
20180420221701,83.51,20.4,cmd1
20180420221802,102.27,40.35,cmd1
20180420221901,14.17,26.72,cmd3
20180420221901,80.38,11.2,cmd1
20180420222001,93.19,31.89,cmd1
20180420222102,62,31.51,cmd1
20180420222201,63.87,23.23,cmd1
20180420222201,56.46,30.63,cmd5
20180420222301,98.55,24.73,cmd1
20180420222601,46.48,24.14,cmd15
20180420223202,63.64,38.21,cmd5
20180420223301,35.16,18.29,cmd3
20180420223801,28.4,21.25,cmd3
20180420224902,72.22,27.58,cmd5
20180420224902,83.51,34.98,cmd3
20180420225901,45.25,37.04,cmd12
20180420230201,83.38,14.3,cmd3
20180420231601,76.62,30.55,cmd3
20180420231901,70.19,34.28,cmd3
20180420233801,27.38,30.41,cmd5
20180420234302,17.49,2.93,cmd4
20180420234302,82.44,22.87,cmd3
20180420234602,67.84,32.26,cmd4
20180421000002,71.38,33.89,cmd3
20180421000601,99.44,18.38,cmd4
20180421003002,37.57,20.78,cmd3
20180421003302,71.63,20.99,cmd3
20180421003902,5.85,34.41,cmd3
20180421004502,66.94,5.89,cmd12
20180421005201,86.42,39.71,cmd5
20180421005302,10.99,2.66,cmd11
20180421005302,68.7,38.17,cmd11
20180421010202,46.21,18.51,cmd3
20180421010501,102.86,31.18,cmd3
20180421010801,58.18,22.94,cmd3
20180421012401,14.08,18.15,cmd11
20180421013302,98.74,18.25,cmd11
20180421013401,59.97,22.85,cmd12
20180421013401,19.87,12.01,cmd3
20180421013701,23.95,31.31,cmd3
20180421014001,27.78,27.83,cmd3
20180421015401,61.93,2,cmd3
20180421015701,39.37,5.56,cmd3
20180421020301,38.81,3.64,cmd3
20180421020801,102.88,24.21,cmd3
20180421021002,57.43,4.04,cmd4
20180421021201,29.68,17.99,cmd4
20180421021602,37.39,32.54,cmd8
20180421021602,87.83,16.09,cmd5
20180421030301,63.79,6.43,cmd12
20180421031101,39.26,7.75,cmd3
20180421031301,24.71,34.04,cmd11
20180421031502,21.83,37.14,cmd3
20180421031601,39.69,11.46,cmd11
20180421031701,5.69,0.39,cmd3
20180421032102,89.31,37.19,cmd8
20180421033101,48.01,10.79,cmd11
20180421033301,45.28,36.89,cmd3
20180421034302,31.35,26.85,cmd3
20180421034901,55.42,20.47,cmd2
20180421035301,34.66,7.61,cmd3
20180421040101,7.95,32.99,cmd5
20180421040201,72.13,13.15,cmd8
20180421040201,91.1,32.49,cmd5
20180421041001,93.83,2.19,cmd3
20180421041102,47.68,25.63,cmd3
20180421042601,32.56,16.42,cmd3
20180421042701,75.55,21.39,cmd11
20180421042802,6.81,2.45,cmd3
20180421042901,81.32,22.65,cmd5
20180421043501,39.39,8.19,cmd3
20180421044302,95.4,25.63,cmd4
20180421044901,88.14,28.2,cmd3
20180421045001,74.54,15.92,cmd3
20180421045102,28.39,37.83,cmd3
20180421045201,45.68,4.35,cmd11
20180421050302,90.68,26.6,cmd3
20180421050401,96.87,0.12,cmd3
20180421051001,43.81,4.65,cmd3
20180421051301,96.79,28.51,cmd4
20180421051601,46.24,24.9,cmd3
20180421051901,61.61,35.98,cmd3
20180421051901,45.59,19.7,cmd3
20180421052802,82.48,21.33,cmd5
20180421052901,39.75,18.16,cmd3
20180421053701,94.75,27.58,cmd4
20180421054601,93.76,35.56,cmd3
20180421055001,99.59,16.38,cmd3
20180421060002,60.86,25.58,cmd3
20180421062201,96.08,26.27,cmd11
20180421062301,31.79,21,cmd3
20180421063201,41.67,21.64,cmd3
20180421063501,42.38,7.6,cmd5
20180421063501,99.15,36.91,cmd8
20180421064101,64.11,22.43,cmd3
20180421064601,23.51,22.67,cmd5
20180421065001,48.33,36.88,cmd5
20180421065301,22.66,29.76,cmd14
20180421065301,99.62,0.14,cmd13
20180421065601,20.4,12.27,cmd8
20180421065601,29.33,34.15,cmd12
20180421065801,61.35,37.75,cmd3
20180421072501,64.76,5.02,cmd3
20180421073301,37.18,3.66,cmd3
20180421074602,88.87,18.83,cmd5
20180421074602,72.36,24.64,cmd3
20180421075102,68.55,28.88,cmd8
20180421075901,61.49,3.96,cmd3
20180421080302,22.12,27.34,cmd3
20180421081202,28.83,17.87,cmd3
20180421081202,64.8,10.51,cmd5
20180421081801,8.06,37.36,cmd3
20180421082101,27.74,18.77,cmd3
20180421082901,68.08,0.84,cmd11
20180421084201,47.59,36.38,cmd3
20180421084601,10.12,29.88,cmd5
20180421084601,25.82,1.39,cmd3
20180421084901,6.48,28.08,cmd5
20180421085801,90.34,26.3,cmd4
20180421085902,67.85,36.1,cmd3
20180421090202,46.3,34.97,cmd5
20180421090202,20.4,33.27,cmd3
20180421090802,65.57,0.79,cmd3
20180421091402,77.26,39.45,cmd3
20180421091801,86.52,30.23,cmd3
20180421092301,99.5,1.12,cmd3
20180421093102,98.74,14.7,cmd5
20180421093702,20.49,32.27,cmd3
20180421093801,95.71,38.08,cmd5
20180421094001,84.13,29.47,cmd4
20180421094101,71.48,37.18,cmd3
20180421095101,28.43,4.94,cmd3
20180421095201,11.77,4.24,cmd4
20180421095201,44.15,5.73,cmd14
20180421095201,40.21,18.56,cmd8
20180421095401,13.18,17.41,cmd4
20180421095501,54.96,3.03,cmd12
20180421095902,49.26,24.98,cmd4
20180421101302,88.01,37.79,cmd3
20180421101501,27.68,0.93,cmd4
20180421101501,54.28,17.13,cmd8
20180421101602,101.93,31.63,cmd8
20180421101602,15.49,28.64,cmd5
20180421101701,63.52,1.8,cmd4
20180421101701,81.89,35.74,cmd5
20180421101801,61.56,36.15,cmd8
20180421101902,43.03,22.25,cmd5
20180421101902,96.62,18.23,cmd8
20180421101902,81.41,38.28,cmd3
20180421102001,17.88,26.9,cmd5
20180421102101,6.16,23.28,cmd5
20180421102201,77.48,23.39,cmd14
20180421102201,32.18,30.58,cmd12
20180421102201,43.73,29.83,cmd9
20180421102201,25.54,40.43,cmd3
20180421102201,71.71,28.33,cmd1
20180421102201,94.23,18.13,cmd3
20180421102201,35.43,7.2,cmd5
20180421102201,36.77,17.92,cmd11
20180421102301,36.5,25.49,cmd3
20180421102301,42,5.86,cmd14
20180421102301,13.34,19.07,cmd9
20180421102301,103.9,17.69,cmd2
20180421102301,25.64,8.83,cmd5
20180421102301,55.17,4.23,cmd15
20180421102301,10.13,10.25,cmd13
20180421102402,42.27,18.05,cmd14
20180421102402,101.94,23.22,cmd9
20180421102402,92.06,7.5,cmd2
20180421102402,58.22,40.13,cmd13
20180421102402,68.44,10.38,cmd4
20180421102402,81.82,38.83,cmd3
20180421102501,57.1,40.54,cmd2
20180421102601,50.71,6.76,cmd2
20180421102702,18.47,9.56,cmd2
20180421102702,66.28,38.24,cmd2
20180421102801,17.51,4.3,cmd2
20180421102801,73.9,22.53,cmd2
20180421102801,56.45,19.33,cmd9
20180421102901,44.71,7.38,cmd2
20180421103002,90.16,32.53,cmd2
20180421103101,102.78,4.73,cmd2
20180421103201,88.6,30.5,cmd2
20180421103201,79.42,6.66,cmd8
20180421103301,5.39,25.76,cmd2
20180421103301,79.4,35.23,cmd8
20180421103401,20.71,32.78,cmd2
20180421103401,78.06,18.04,cmd8
20180421103502,15.49,31.11,cmd3
20180421103502,33.49,15.98,cmd2
20180421103601,31.49,31.79,cmd2
20180421103701,48.57,12.28,cmd2
20180421103802,23.28,23.39,cmd2
20180421103901,22,4.82,cmd2
20180421103901,81.6,16.01,cmd9
20180421104001,97.54,2.3,cmd15
20180421104001,66.93,35.84,cmd2
20180421104001,94.25,18.52,cmd2
20180421104102,23.19,36.6,cmd2
20180421104102,61.27,18.71,cmd9
20180421104102,41.4,39.32,cmd2
20180421104201,26.34,12.68,cmd2
20180421104301,97.52,21.47,cmd2
20180421104402,43.79,39.34,cmd2
20180421104402,47.88,31.06,cmd2
20180421104501,43.12,7.6,cmd2
20180421104601,67.13,23.54,cmd2
20180421104601,71.17,29.99,cmd2
20180421104702,27.85,0.36,cmd2
20180421104702,21.42,26.55,cmd2
20180421104801,73.97,28.79,cmd2
20180421104901,47.81,29.71,cmd2
20180421104901,93.23,5.48,cmd5
20180421105002,57.77,40.88,cmd2
20180421105002,68.64,21.53,cmd2
20180421105101,5.52,33.4,cmd2
20180421105101,36.69,25.37,cmd2
20180421105202,17.33,16.5,cmd2
20180421105202,31.35,31.77,cmd2
20180421105301,15.59,20.86,cmd2
20180421105301,101.3,39.54,cmd2
20180421105401,29.84,3.98,cmd2
20180421105401,81.46,29.83,cmd2
20180421105502,58.5,13.51,cmd2
20180421105502,63.16,39.19,cmd2
20180421105601,97.55,1.86,cmd2
20180421105601,17.45,26.66,cmd2
20180421105701,41.2,11.29,cmd2
20180421105701,29.84,33.78,cmd2
20180421105701,92.05,15.54,cmd2
20180421105701,23.42,6.64,cmd2
20180421105701,62.37,40.91,cmd2
20180421105802,36.64,19.35,cmd2
20180421105802,64.93,16.17,cmd2
20180421105901,78.33,1.6,cmd2
20180421105901,81.3,29.5,cmd2
20180421110001,18.57,3.75,cmd2
20180421110001,62.98,6.61,cmd2
20180421110102,58.27,4.69,cmd2
20180421110102,24.09,16.82,cmd2
20180421110201,71.02,3.03,cmd2
20180421110201,7.08,5,cmd2
20180421110301,16.81,31.9,cmd2
20180421110301,45.87,21.84,cmd2
20180421110402,72.26,7.99,cmd2
20180421110402,90.87,20.6,cmd2
20180421110402,47.5,12.17,cmd2
20180421110501,14.69,27.76,cmd2
20180421110601,68.89,15.97,cmd2
20180421110601,34.86,40.63,cmd2
20180421110601,11,0.83,cmd8
20180421110702,31.58,25,cmd2
20180421110702,96.68,12.02,cmd2
20180421110801,6.43,37.53,cmd2
20180421110901,35.75,12.91,cmd2
20180421110901,52.94,28.23,cmd14
20180421110901,9.61,34.15,cmd2
20180421111002,25.8,34.15,cmd2
20180421111101,10.73,33.53,cmd2
20180421111101,31.88,32.52,cmd2
20180421111101,44.9,9.01,cmd4
20180421111201,81.18,40.39,cmd2
20180421111201,68.08,6.87,cmd2
20180421111302,40.35,29.64,cmd2
20180421111401,34.32,39.4,cmd2
20180421111501,17.32,34.88,cmd2
20180421111602,91.71,13.45,cmd2
20180421111943,5.01,2.53,cmd2
20180421111943,24.29,14.56,cmd9
20180421111943,93.87,37.1,cmd2
20180421111943,71.44,8.9,cmd2
20180421111943,44.75,9.74,cmd13
20180421111943,59.59,35.03,cmd2
20180421112002,51.98,20.37,cmd2
20180421112101,25.56,19.49,cmd2
20180421112201,95.65,19.43,cmd2
20180421112302,76.13,39.96,cmd2
20180421112508,55.71,38.45,cmd2
20180421112508,43.89,1.22,cmd2
20180421112602,14.63,7.27,cmd2
20180421112701,54.07,29.08,cmd2
20180421112801,38.07,13.3,cmd2
20180421112902,70.88,8.94,cmd2
20180421113001,9.92,28.28,cmd2
20180421113101,57.76,38.27,cmd2
20180421113202,32.66,34.43,cmd2
20180421113301,100.37,6.64,cmd2
20180421113401,7.93,6.07,cmd2
20180421113502,14.42,31.95,cmd2
20180421113601,75.37,27.53,cmd2
20180421113701,65.61,24.03,cmd2
20180421113801,29.53,3.47,cmd2
20180423164454,39.29,40.92,cmd2
20180423164454,16.95,29.76,cmd2
20180423164501,71.81,29.76,cmd2
20180423164501,77.03,8.33,cmd2
20180423164601,41.37,11.4,cmd2
20180423164601,68.95,37.83,cmd2
20180423164702,53.28,5.9,cmd2
20180423164702,20.51,19.57,cmd2
20180423164801,35.54,14.92,cmd2
20180423164801,5.95,11.55,cmd2
20180423164901,7.76,4.58,cmd2
20180423164901,97.66,9.3,cmd1
20180423165002,75.35,28.99,cmd2
20180423165002,82.48,6.93,cmd1
20180423165101,48.01,1.65,cmd2
20180423165101,71.41,26.11,cmd1
20180423165201,88.67,29.49,cmd2
20180423165201,75.62,11.91,cmd1
20180423165301,18.84,26.81,cmd2
20180423165301,51.97,30.79,cmd1
20180423165402,39.18,1.72,cmd2
20180423165402,40.66,34.02,cmd1
20180423165501,49.8,28.12,cmd2
20180423165501,22.99,7.37,cmd1
20180423165501,57.95,22.92,cmd15
20180423165601,64.98,9.71,cmd2
20180423165601,75.76,7.7,cmd1
20180423165702,92.44,29.21,cmd1
20180423165801,27.65,3.78,cmd1
20180423165901,16.17,40.04,cmd1
20180423170002,39.41,22.3,cmd1
20180423170101,37.94,37.95,cmd1
20180423170201,10.82,28.88,cmd1
20180423170302,54.08,33.49,cmd11
20180423170501,71.1,21.81,cmd3
20180423171101,93.65,32.36,cmd9
20180423171602,74.37,27.77,cmd3
20180423172501,25.8,28.91,cmd11
20180423173101,30.11,36.17,cmd3
20180423173302,46.41,31.28,cmd4
20180423173701,50.32,22.48,cmd5
20180424021801,32.18,16.7,cmd3
20180424022501,36.37,26.95,cmd5
20180424024902,65.13,38.32,cmd3
20180424025501,67.48,25.73,cmd3
20180424030801,77.88,30.73,cmd3
20180424035202,26.8,24.85,cmd5
20180424035301,34.58,6.08,cmd4
20180424035601,12.74,4,cmd3
20180424035901,22.95,32.41,cmd3
20180424040401,92.4,28.06,cmd5
20180424040501,49.53,36.66,cmd3
20180424041401,46.6,29.86,cmd5
20180424042602,8.31,1.84,cmd15
20180424043101,62.66,12.09,cmd3
20180424043901,53.73,15.99,cmd3
20180424044702,50.53,38.53,cmd4
20180424045001,80.94,5.67,cmd3
20180424045701,38.04,23.39,cmd3
20180424050001,19.26,3.09,cmd12
20180424050801,68.29,30.97,cmd3
20180424051201,88.07,25.23,cmd3
20180424051302,97.93,11.92,cmd3
20180424051501,14.85,4.45,cmd4
20180424053701,98.64,29.01,cmd3
20180424054601,26.43,26.51,cmd3
20180424055602,91.07,11.71,cmd11
20180424060402,57.8,30.9,cmd4
20180424061002,11.63,9.42,cmd15
20180424061302,42.33,3.04,cmd14
20180424061302,33.23,22.78,cmd13
20180424061302,65.97,26.02,cmd3
20180424061602,11.99,29.08,cmd3
20180424064502,45.91,18.57,cmd3
20180424071001,8.87,25.26,cmd5
20180424071101,87.98,17.73,cmd5
20180424071101,80.73,3.35,cmd3
20180424071201,99.71,40.66,cmd5
20180424073302,99.53,10.89,cmd11
20180424073701,86.91,11.49,cmd3
20180424074601,57.21,18.5,cmd1
20180424074701,9.26,1.01,cmd1
20180424074802,9.79,4.41,cmd1
20180424074901,17.68,36.1,cmd1
20180424075001,67.75,4.05,cmd1
20180424075102,93.55,25.59,cmd1
20180424075201,29.03,3.39,cmd1
20180424075301,100.08,18.37,cmd1
20180424075402,7.94,12.02,cmd1
20180424075501,23.43,5.08,cmd1
20180424075601,20.39,5.89,cmd1
20180424075702,98.55,31.59,cmd1
20180424075801,57.49,19.94,cmd1
20180424075901,56.83,0.99,cmd1
20180424080002,80.9,12.2,cmd1
20180424080101,8.55,19.99,cmd1
20180424080201,52.88,19.21,cmd1
20180424080302,29.67,18.5,cmd1
20180424080401,24.08,23.22,cmd1
20180424080501,100.83,23.15,cmd11
20180424080602,19.06,37.28,cmd1
20180424080701,57.17,10.91,cmd1
20180424080802,97.91,32.51,cmd1
20180424080901,60.38,15.43,cmd1
20180424081001,20.21,10.67,cmd1
20180424081102,89.07,27.29,cmd1
20180424081201,20.09,0.33,cmd1
20180424081301,15.69,27.12,cmd1
20180424081402,10.32,6.81,cmd1
20180424081501,79.79,0.89,cmd1
20180424081601,85.99,20.01,cmd1
20180424081702,8.61,5.59,cmd1
20180424081801,7.53,34.08,cmd1
20180424081901,29.13,11.4,cmd1
20180424082002,59.2,38.94,cmd1
20180424082101,64.1,6.61,cmd1
20180424082201,47.91,31.6,cmd1
20180424082302,19.22,2.08,cmd12
20180424082401,93.18,19.26,cmd1
20180424082501,38,35.08,cmd1
20180424082602,85.67,3.59,cmd1
20180424082701,84.18,25.23,cmd1
20180424082801,71.01,31.64,cmd1
20180424082901,87.45,8.67,cmd1
20180424083001,52.92,36.97,cmd1
20180424083101,97.25,25.08,cmd1
20180424083201,71.2,1.29,cmd1
20180424083301,57.33,31.01,cmd3
20180424083301,69.14,0.18,cmd1
20180424083402,99.47,26.3,cmd1
20180424083501,39.51,5.6,cmd1
20180424083601,46.93,17.18,cmd1
20180424083702,67.69,11.14,cmd1
20180424083801,10.85,10.03,cmd9
20180424083901,59.38,39.62,cmd1
20180424084002,14.9,4.81,cmd1
20180424084101,12.85,28.09,cmd1
20180424084201,66.42,3.14,cmd1
20180424084302,53.53,11.36,cmd1
20180424084401,91.51,10.41,cmd1
20180424084501,40.31,2.38,cmd1
20180424084602,79.78,36.36,cmd4
20180424084701,10.58,27.3,cmd1
20180424084801,29.45,19.92,cmd1
20180424084902,60.29,26.97,cmd1
20180424085001,92.37,25.94,cmd1
20180424085102,72.05,2.28,cmd1
20180424085201,33.36,21.14,cmd3
20180424085301,7.74,1.79,cmd1
20180424085402,31.11,33.08,cmd1
20180424085501,96.6,33.31,cmd4
20180424085601,40.84,38.38,cmd1
20180424085702,76.05,35.45,cmd1
20180424085801,28.88,23.83,cmd1
20180424085901,9.75,22.34,cmd1
20180424090002,28.67,14.02,cmd1
20180424090101,51.85,18.81,cmd1
20180424090201,102.61,37.37,cmd3
20180424090302,39.85,12.88,cmd3
20180424090401,29.16,18.98,cmd3
20180424090501,65.63,7.53,cmd3
20180424090602,5.96,31.19,cmd3
20180424090701,50.8,4.8,cmd3
20180424090801,25.31,29.21,cmd3
20180424090902,20.35,36.44,cmd3
20180424091001,68.87,20.73,cmd3
20180424091101,21.68,13.77,cmd3
20180424091202,28.03,14.25,cmd3
20180424091301,17.84,39.95,cmd11
20180424091402,71.33,7.21,cmd3
20180424091501,38.59,29.19,cmd3
20180424091601,79.17,29.92,cmd3
20180424091702,31.17,26.77,cmd3
20180424091801,53.46,19.87,cmd3
20180424091901,16.67,1.13,cmd3
20180424092002,30.71,4.73,cmd3
20180424092101,61.02,1.97,cmd3
20180424092201,60.86,31.86,cmd3
20180424092302,71.19,31.66,cmd3
20180424092401,30.21,22.44,cmd3
20180424092501,91,19.99,cmd3
20180424092602,83.79,20.47,cmd3
20180424092701,25.14,8.26,cmd3
20180424092801,51.69,7.12,cmd3
20180424092901,74.45,1.21,cmd3
20180424093001,9.56,11.83,cmd3
20180424093102,64.19,5.71,cmd3
20180424093201,60.89,31.05,cmd3
20180424093301,51.37,27.73,cmd3
20180424093402,60.39,2.35,cmd3
20180424093501,47.63,33.09,cmd3
20180424093601,49.46,21.5,cmd3
20180424093702,57.76,38.22,cmd3
20180424093801,92.37,8.63,cmd3
20180424093901,48.8,28.82,cmd3
20180424094002,100.22,31.13,cmd3
20180424094101,36.59,19.05,cmd3
20180424094201,33.96,15.44,cmd3
20180424094302,99.8,34.45,cmd3
20180424094401,76.15,1.49,cmd3
20180424094501,13.48,3.89,cmd3
20180424094602,22.42,1.25,cmd3
20180424094701,92.88,20.23,cmd3
20180424094801,58.97,22.18,cmd3
20180424094902,5.77,8.66,cmd3
20180424095001,79.93,10.95,cmd3
20180424095101,98.04,4.94,cmd3
20180424095202,68.12,10.51,cmd3
20180424095301,55.82,10.2,cmd12
20180424095401,91.97,29.06,cmd3
20180424095502,13.73,22.09,cmd3
20180424095601,67.58,32.31,cmd3
20180424095701,39.81,25.17,cmd3
20180424095801,47.64,13.89,cmd3
20180424095901,48.22,16.48,cmd3
20180424100002,39.92,1.19,cmd3
20180424100101,82.09,18.42,cmd3
20180424100201,71.07,38.9,cmd3
20180424100302,36.04,27.02,cmd3
20180424100401,11.47,26.58,cmd3
20180424100501,74.62,39.15,cmd3
20180424100602,38.51,20.88,cmd3
20180424100701,22.73,14.87,cmd3
20180424100801,41.64,19.63,cmd3
20180424100902,46.88,8.44,cmd3
20180424101001,99.61,36.19,cmd3
20180424101101,86.86,27.25,cmd3
20180424101202,99.13,40.79,cmd3
20180424101301,97.27,39.54,cmd3
20180424101401,99.69,5.16,cmd3
20180424101502,64.1,4.58,cmd3
20180424101601,84.03,0.21,cmd3
20180424101702,53.66,8.06,cmd3
20180424101801,33.67,8.28,cmd5
20180424101901,45.35,33.86,cmd3
20180424102002,84.98,12.73,cmd3
20180424102101,19.15,14.75,cmd3
20180424102201,55.73,1.48,cmd3
20180424102302,14.57,3.31,cmd3
20180424102401,24.58,4.36,cmd3
20180424102501,24.41,37.12,cmd3
20180424102602,63.06,14.65,cmd3
20180424102701,33.41,5.98,cmd13
20180424102801,10.39,2.53,cmd5
20180424102902,60.86,34.92,cmd12
20180424103001,31.03,38.44,cmd3
20180424103001,32.71,27.24,cmd3
20180424103101,64.63,2.67,cmd3
20180424103202,98.72,10.75,cmd3
20180424103301,75.84,13.14,cmd3
20180424103401,13.86,34.4,cmd3
20180424103502,27.18,34.26,cmd3
20180424103601,47.89,21.88,cmd3
20180424103701,67.64,39.53,cmd3
20180424103801,75.39,31.21,cmd3
20180424103901,88.1,34.05,cmd3
20180424104002,32.07,24.51,cmd3
20180424104101,39.75,0.18,cmd3
20180424104201,56.17,38.96,cmd3
20180424104302,60.33,6.4,cmd3
20180424104401,76.85,17.37,cmd3
20180424104501,46.25,26.36,cmd3
20180424104602,17.79,5.13,cmd3
20180424104701,99.01,28.26,cmd3
20180424104801,5.74,29.71,cmd3
20180424104902,5.71,9.23,cmd3
20180424105001,46.18,14.71,cmd3
20180424105101,11.17,1.85,cmd3
20180424105202,8.9,25.37,cmd3
20180424105301,91.54,40.41,cmd3
20180424105401,73.95,19.41,cmd3
20180424105502,11.24,21.45,cmd3
20180424105601,50.49,28.06,cmd3
20180424105701,92.66,20.35,cmd3
20180424105801,27.18,3.73,cmd3
20180424105901,27.26,9.65,cmd3
20180424110001,100.58,36.69,cmd3
20180424110102,42.39,20.56,cmd3
20180424110201,29.1,30.03,cmd3
20180424110301,28.05,38,cmd3
20180424110402,12.52,8.08,cmd3
20180424110501,87.56,30.38,cmd3
20180424110602,63.56,27.48,cmd3
20180424110701,70.14,32.17,cmd3
20180424110801,103.9,34.21,cmd3
20180424110902,48.21,13.56,cmd3
20180424111001,5.59,12.01,cmd3
20180424111101,30.36,39.63,cmd3
20180424111202,21.23,27.76,cmd3
20180424111301,38.94,24.05,cmd3
20180424111401,42.13,20.51,cmd3
20180424111502,79.31,37.28,cmd3
20180424111601,88.88,38.48,cmd3
20180424111701,93.69,21.37,cmd3
20180424111802,15.02,7.43,cmd3
20180424111901,37.01,21.76,cmd3
20180424112002,96.87,13.21,cmd11
20180424112101,102.82,20.92,cmd3
20180424112201,97.65,16.69,cmd3
20180424112302,80.67,9.79,cmd3
20180424112401,20.96,30.43,cmd3
20180424112501,94.13,4.05,cmd9
20180424112602,51.4,21.88,cmd3
20180424112701,74.23,39.03,cmd3
20180424112801,18.65,33.28,cmd3
20180424112902,85.97,32.67,cmd3
20180424113001,58.52,13.19,cmd3
20180424113101,29.98,13.89,cmd3
20180424113202,98.03,37,cmd3
20180424113301,38.29,40.51,cmd3
20180424113401,5.55,15.1,cmd3
20180424113502,62.18,5.09,cmd3
20180424113601,41.69,20.59,cmd3
20180424113702,33.98,15.2,cmd3
20180424113801,84.08,37.11,cmd11
20180424113901,100.7,30.69,cmd2
20180424114002,40.99,8.94,cmd2
20180424114101,80.7,11.48,cmd2
20180424114201,56.9,3.61,cmd2
20180424114302,8.53,19.4,cmd2
20180424114401,38.28,35.09,cmd3
20180424114401,45.98,31,cmd2
20180424114501,77.64,37.66,cmd2
20180424114602,16.49,19.78,cmd2
20180424114701,19.24,27.9,cmd2
20180424114801,37.74,4.97,cmd2
20180424114902,81.73,0.3,cmd2
20180424115001,100.11,11.26,cmd2
20180424115101,46.77,17.21,cmd2
20180424115202,47.81,6.7,cmd2
20180424115301,7.92,34.04,cmd2
20180424115401,44.38,14.16,cmd2
20180424115501,71.05,33.47,cmd2
20180424115601,19.52,24.32,cmd2
20180424115702,45.38,0.89,cmd2
20180424115801,40.67,29.75,cmd2
20180424115901,37.16,33.72,cmd2
20180424120002,36.14,31.87,cmd2
20180424120101,58.4,2.81,cmd2
20180424120201,98.35,10.31,cmd2
20180424120302,50.81,17.44,cmd2
20180424120401,42.86,0.92,cmd2
20180424120501,22.51,14.06,cmd3
20180424120501,39.27,13.97,cmd2
20180424120602,18.01,8.01,cmd2
20180424120701,34.84,4.28,cmd2
20180424120801,97.09,1.17,cmd2
20180424120902,93.19,34.64,cmd2
20180424121001,87.34,4.15,cmd2
20180424121101,5.13,13.07,cmd2
20180424121202,81.63,14.71,cmd2
20180424121301,58.18,3.07,cmd2
20180424121401,22.22,3.4,cmd2
20180424121502,51.66,11.43,cmd2
20180424121601,64.92,15.57,cmd3
20180424121601,11.95,40.58,cmd2
20180424121701,19.17,20.59,cmd3
20180424121701,91.82,19.21,cmd2
20180424121802,31,8.82,cmd2
20180424121901,48.95,24.65,cmd5
20180424121901,38.19,33.21,cmd2
20180424122001,48.2,35.05,cmd2
20180424122102,47.31,22.59,cmd2
20180424122201,76.14,26.18,cmd2
20180424122301,83.97,12.35,cmd2
20180424122401,7.64,18.47,cmd2
20180424122501,68.82,29.22,cmd3
20180424122501,83.71,3.29,cmd2
20180424122602,15.79,8,cmd5
20180424122602,25.68,7.75,cmd3
20180424122602,50.53,18.91,cmd2
20180424122701,26.25,20.07,cmd2
20180424122801,91.79,3.35,cmd2
20180424122902,47.62,9.63,cmd2
20180424123001,10.38,6.15,cmd2
20180424123101,93.46,35.91,cmd2
20180424123202,84.65,1.39,cmd2
20180424123301,25.61,16.51,cmd2
20180424123401,73.03,4.23,cmd2
20180424123502,97.6,20.81,cmd2
20180424123601,68.56,36.34,cmd2
20180424123701,87.3,6.03,cmd2
20180424123802,77.48,38,cmd2
20180424123901,20.01,15.38,cmd2
20180424124001,59.04,25.8,cmd2
20180424124102,98.76,1.34,cmd2
20180424124201,26.17,12.99,cmd2
20180424124301,79.65,15.24,cmd2
20180424124402,9.95,24.07,cmd2
20180424124501,59.6,38.89,cmd3
20180424124501,22.53,7.69,cmd2
20180424124601,57.22,33.5,cmd2
20180424124702,26.83,24.38,cmd2
20180424124801,19.2,24.94,cmd2
20180424124902,63.95,6.71,cmd2
20180424125001,42.24,6.81,cmd2
20180424125101,66.83,27.42,cmd2
20180424125202,41.41,25.55,cmd2
20180424125301,75.46,29.05,cmd2
20180424125401,84.64,5.57,cmd3
20180424125401,65.27,16.83,cmd2
20180424125502,61.8,35.01,cmd2
20180424125601,48.16,35.77,cmd2
20180424125701,80.62,14.57,cmd2
20180424125802,35.97,21.68,cmd2
20180424125901,15.18,38.22,cmd2
20180424130001,77.62,9.26,cmd2
20180424142054,42.22,24.51,cmd2
20180424142101,20.86,0.01,cmd2
20180424142203,23.23,28.98,cmd2
20180424144427,13.17,16.18,cmd2
20180424144502,66.03,18.73,cmd2
20180424144601,88.18,35.18,cmd2
20180424144701,36.45,9.71,cmd2
20180424144802,36.72,23.88,cmd2
20180424144901,52.09,34.81,cmd2
20180424145001,64.89,39.32,cmd2
20180424145101,91.92,30.01,cmd2
20180424145201,37.38,10.74,cmd2
20180424145301,24.72,32.68,cmd2
20180424145401,49.11,19.18,cmd2
20180424145502,49.94,4.58,cmd2
20180424145601,83.91,8.38,cmd2
20180424145701,83.4,18.61,cmd2
20180424145802,82.22,25.77,cmd2
20180424145901,85.13,21.9,cmd2
20180424150001,33.77,34.71,cmd2
20180424150101,5.29,34.82,cmd2
20180424150202,86.29,12.14,cmd2
20180424150301,99.99,9.73,cmd2
20180424150401,15.11,15.09,cmd2
20180424150502,74.72,9.42,cmd2
20180424150601,17.51,22.95,cmd3
20180424150601,6.81,9.67,cmd2
20180424150701,16.9,5.81,cmd2
20180424150801,8.58,32.52,cmd2
20180424150902,49.75,11.9,cmd3
20180424150902,78.91,18.58,cmd2
20180424151001,83.25,40.7,cmd3
20180424151001,72.99,5.51,cmd2
20180424151101,20.54,33.51,cmd2
20180424151202,97.94,3.19,cmd5
20180424151202,96.46,15.85,cmd2
20180424151301,17.56,18.99,cmd2
20180424151401,36.44,38.67,cmd2
20180424151501,66.32,7.6,cmd2
20180424151602,32.58,13.18,cmd2
20180424151701,82.07,29.23,cmd2
20180424151801,89.05,40.11,cmd2
20180424151902,28.51,40.33,cmd2
20180424152001,55.09,19.19,cmd2
20180424152101,71.76,36.87,cmd2
20180424152201,54.63,29.5,cmd2
20180424152301,67.72,28.08,cmd2
20180424152401,75.96,34.97,cmd2
20180424152501,45.25,24.05,cmd2
20180424152602,81.44,21.17,cmd2
20180424152701,27.79,30.34,cmd2
20180424152801,16.6,34.66,cmd2
20180424152902,19.85,23.65,cmd2
20180424153001,22.65,1.66,cmd2
20180424153101,88.89,2.07,cmd2
20180424153201,80.67,24.27,cmd2
20180424153302,80.26,12.81,cmd2
20180424153401,58.7,29.35,cmd2
20180424153501,43.97,5.87,cmd2
20180424153602,31.6,4.34,cmd2
20180424153701,42.25,38.59,cmd2
20180424153801,12.9,25.83,cmd2
20180424153901,41.07,7.27,cmd2
20180424154002,78.75,37.28,cmd3
20180424154002,59.58,0.5,cmd2
20180424154101,33.66,3.99,cmd3
20180424154101,43.63,11.34,cmd2
20180424154201,74.4,13.9,cmd2
20180424154302,33.23,20.73,cmd2
20180424154401,47.59,18.23,cmd2
20180424154501,100.39,20,cmd2
20180424154601,60.87,15.71,cmd2
20180424154702,67.14,4.24,cmd2
20180424154801,44.35,27.57,cmd2
20180424154901,48.26,0.52,cmd2
20180424155002,74.9,33.44,cmd2
20180424155101,55.05,4.25,cmd2
20180424155201,50.94,36.55,cmd3
20180424155201,83.18,38.26,cmd2
20180424155301,39.03,26.99,cmd2
20180424155402,50.7,0.53,cmd2
20180424155501,78.91,1.13,cmd2
20180424155601,102.11,17.52,cmd2
20180424155702,77.37,39.84,cmd2
20180424155801,45.95,3.79,cmd2
20180424155901,58.81,35.39,cmd15
20180424160001,77.46,14.02,cmd14
20180424160001,70.33,33.05,cmd3
20180424160001,38.42,37.94,cmd11
20180424160101,97.58,29.9,cmd14
20180424160101,24.91,33.35,cmd9
20180424160101,5.92,37.86,cmd13
20180424160101,38.33,11.43,cmd4
20180424160101,27.35,35.57,cmd3
20180424160101,16.64,10.6,cmd3
20180424160201,100.83,36.89,cmd3
20180424160301,67.32,9.24,cmd3
20180424160402,22.55,19.79,cmd3
20180424160501,74.51,13.47,cmd3
20180424160601,18.71,31.88,cmd3
20180424160702,63.9,9.69,cmd3
20180424160801,66.8,39.24,cmd3
20180424160901,101.05,16.89,cmd3
20180424161001,46.11,39.9,cmd3
20180424161102,6.37,4.7,cmd3
20180424161201,93.79,5.56,cmd3
20180424161301,40.55,10.83,cmd3
20180424161402,24.34,1.33,cmd3
20180424161501,32.47,37.89,cmd3
20180424161601,9.09,4.36,cmd3
20180424161701,37.61,40.53,cmd3
20180424161802,92.75,20.84,cmd3
20180424161901,12.35,0.18,cmd3
20180424162001,93.54,9.05,cmd3
20180424162102,36.05,37.9,cmd3
20180424162201,78.05,3.9,cmd3
20180424162301,51.42,23.8,cmd3
20180424162401,54.72,35.8,cmd11
20180424162502,46.11,40.15,cmd3
20180424162601,97.33,1.39,cmd3
20180424162701,11.15,8.24,cmd3
20180424162701,33.44,9.85,cmd3
20180424162802,77.91,31.6,cmd3
20180424162901,48.47,1.4,cmd3
20180424163001,89.26,3.06,cmd3
20180424163101,46.66,13.92,cmd3
20180424163201,99.97,20.11,cmd3
20180424163301,73.21,28.32,cmd3
20180424163301,25.61,38.95,cmd3
20180424163401,29.48,2.54,cmd3
20180424163502,62.67,12.73,cmd3
20180424163601,46.63,23.47,cmd3
20180424163701,59.76,29.46,cmd3
20180424163802,9.86,39.34,cmd3
20180424163901,54.58,36.17,cmd3
20180424164001,25.09,35.47,cmd3
20180424164101,14.96,26.94,cmd3
20180424164202,41.5,23.48,cmd3
20180424164301,47.87,3.66,cmd3
20180424164401,90.71,20.53,cmd3
20180424164502,33.26,15.91,cmd3
20180424164601,9.75,29.28,cmd3
20180424164701,82.5,19.84,cmd3
20180424164801,89.6,7.75,cmd3
20180424164902,69.49,4.16,cmd3
20180424165001,78.04,12.06,cmd3
20180424165001,62.32,10.82,cmd3
20180424165101,43.45,1.75,cmd3
20180424165202,93.31,9.76,cmd3
20180424165301,39.85,14.94,cmd3
20180424165401,26.6,2.4,cmd3
20180424165501,68.92,7.11,cmd3
20180424165602,15.59,5.59,cmd3
20180424165701,97.79,10.81,cmd3
20180424165801,60.16,38.24,cmd3
20180424165902,38.38,34.11,cmd3
20180424170001,59.28,9.71,cmd3
20180424170101,74.06,12.95,cmd3
20180424170201,95.15,27.95,cmd3
20180424170201,40.43,37.56,cmd3
20180424170201,89.05,28.34,cmd3
20180424170302,34.9,18.73,cmd14
20180424170401,27.92,20.96,cmd13
20180424170401,93.55,7.11,cmd3
20180424170401,7.31,28.54,cmd3
20180424170401,72.85,22.19,cmd3
20180424170501,10.45,32.85,cmd4
20180424170602,103.36,28.42,cmd3
20180424170701,93.87,31.42,cmd3
20180424170701,32.97,1.87,cmd3
20180424170801,42.81,7.89,cmd3
20180424170901,84.73,12.44,cmd3
20180424171001,55.8,0.61,cmd3
20180424171101,81.7,37.15,cmd9
20180424171101,40.85,4.88,cmd3
20180424171201,49.12,10.54,cmd3
20180424171302,70.85,12.91,cmd3
20180424171302,39.15,10.52,cmd3
20180424171401,63.23,28.35,cmd3
20180424171501,30.3,7.26,cmd3
20180424171602,21.07,26.41,cmd3
20180424171602,90.09,15.39,cmd3
20180424171701,60.17,21.92,cmd3
20180424171801,21.64,12.56,cmd3
20180424171901,80.12,25.39,cmd3
20180424171901,91.47,22.34,cmd3
20180424172002,15.91,25.45,cmd3
20180424172101,29.86,7.81,cmd1
20180424172201,70.18,16.11,cmd1
20180425172302,5.89,36.53,cmd5
20180425165102,38.42,22.65,cmd1
20180425165603,24.52,0.92,cmd1
20180425165902,93.14,33.33,cmd3
20180425170001,50.5,0.47,cmd1
20180425170001,64.26,18.85,cmd1
20180425170102,45.02,32.95,cmd1
20180425170201,6.03,16.68,cmd3
20180425170301,91.82,18.07,cmd1
20180425170402,52,14.24,cmd1
20180425170501,75.55,30.77,cmd1
20180425170601,48.4,18.19,cmd1
20180425170702,86.23,39.86,cmd1
20180425170801,54.27,7.38,cmd1
20180425170902,96.44,18.55,cmd1
20180425171001,53.21,4.04,cmd3
20180425171201,86.49,24.29,cmd5
20180425171201,96.41,17.46,cmd1
20180425171201,32.28,25.03,cmd3
20180425171502,66.42,35.18,cmd3
20180425171602,72.2,9.12,cmd4
20180425171701,82.82,19.82,cmd3
20180425171701,81.27,4.93,cmd3
20180425171701,17.12,36.21,cmd3
20180425171801,80.08,11.35,cmd3
20180425171902,79.64,23.31,cmd3
20180425172001,37.28,12.16,cmd3
20180425172101,12.14,38.76,cmd3
20180425172202,55.34,6.74,cmd3
20180425172301,49.64,12.82,cmd3
20180425172401,47.07,32.98,cmd4
20180425172602,58.12,25.81,cmd3
20180425172602,46.94,21.13,cmd3
20180425172701,35.13,13.67,cmd3
20180425172701,5.81,5.54,cmd3
20180425172802,103.47,34.66,cmd3
20180425172901,33.23,4.05,cmd3
20180425173001,68.91,37.83,cmd5
20180425173001,64.25,12.75,cmd3
20180425173001,48.25,15.08,cmd3
20180425173102,84.28,8.09,cmd3
20180425173102,80.26,40.21,cmd3
20180425173302,43.96,24.16,cmd3
20180425173401,20,24.96,cmd3
20180425173802,67.91,3.37,cmd9
20180425173901,78.34,37.07,cmd2
20180425174001,12.85,1.53,cmd2
20180425174102,15.18,24.51,cmd2
20180425174201,22.54,27.13,cmd2
20180425184401,77.11,16.45,cmd1
20180425184502,89.1,10.87,cmd4
20180425184601,33.33,13.98,cmd1
20180425184601,46.64,36.42,cmd11
20180425184701,77.37,34.64,cmd4
20180425184701,39.11,36.78,cmd11
20180425184801,90.29,28.15,cmd11
20180425184901,59.17,36.65,cmd13
20180425184901,72.58,31.31,cmd11
20180425185002,16.06,0.23,cmd11
20180425185101,71.07,9.34,cmd1
20180425185201,46.05,2.88,cmd11
20180425185302,96.5,13.74,cmd11
20180425185401,66.59,3.99,cmd1
20180425185501,40.65,32.81,cmd1
20180425185602,80.62,3.53,cmd1
20180425185701,72.07,36.83,cmd1
20180425185801,60.48,31.61,cmd1
20180425185902,86.86,25.72,cmd1
20180425190001,60.71,31.69,cmd1
20180425190101,57.17,35.82,cmd1
20180425190202,74.71,11.32,cmd1
20180425190301,33.88,38.75,cmd13
20180425190401,6.49,14.56,cmd4
20180425190401,48.43,18.62,cmd1
20180425190502,61.05,17.51,cmd1
20180425190601,31.72,5.53,cmd1
20180425190701,88.37,9.14,cmd1
20180425190801,47.33,26.9,cmd1
20180425190901,12.91,7.03,cmd1
20180425191002,101.59,17.62,cmd1
20180425191101,54.84,30.12,cmd1
20180425191201,28.92,33.09,cmd1
20180425191302,76.54,36.06,cmd1
20180425191401,77.49,23.34,cmd1
20180425191501,46.14,22.58,cmd11
20180425191602,8.83,22.34,cmd1
20180425191701,29.41,4.92,cmd1
20180425191801,6.12,37.92,cmd1
20180425191902,65.01,15.76,cmd1
20180425192001,19.76,13.8,cmd1
20180425192101,58.22,5.54,cmd1
20180425192202,46.93,18.39,cmd1
20180425192301,38.23,16.58,cmd1
20180425192401,96.66,30.14,cmd1
20180425192502,71.25,1.5,cmd3
20180425192601,61.21,40.13,cmd1
20180425192701,44.18,38.82,cmd1
20180425192802,93.24,25.8,cmd1
20180425192901,62.71,15.76,cmd1
20180425193001,12.38,18.15,cmd1
20180425193102,86.72,7.52,cmd1
20180425193201,11.19,33.26,cmd1
20180425193302,73.07,31.86,cmd1
20180425193401,97.64,35.48,cmd1
20180425193501,46.01,25.8,cmd1
20180425193602,69.14,6.91,cmd1
20180425193701,37.05,33.97,cmd1
20180425193801,73.13,25.1,cmd1
20180425193902,29.75,24.11,cmd12
20180425194001,6.64,22.04,cmd5
20180425194001,42.43,8.75,cmd3
20180425194001,97.66,35.02,cmd13
20180425194001,19.01,24.56,cmd15
20180425194001,99.94,32.46,cmd14
20180425194001,9.1,9.69,cmd14
20180425194001,16.08,17.42,cmd1
20180425194001,14.08,0.76,cmd1
20180425194101,50.89,9.5,cmd1
20180425194202,41.19,12.02,cmd1
20180425194301,76.15,3.29,cmd1
20180425194401,85.6,14.15,cmd1
20180425194502,72.83,8.71,cmd1
20180425194601,64.14,10.29,cmd1
20180425194702,30.01,23.95,cmd1
20180425194801,39.27,10.15,cmd11
20180425194901,103.25,21.56,cmd1
20180425195002,8.57,2.19,cmd1
20180425195101,53.84,34.05,cmd1
20180425195201,24.63,22.54,cmd1
20180425195302,7.38,35.73,cmd5
20180425195302,45.13,2.28,cmd1
20180425195401,54.64,33,cmd1
20180425195501,19.43,5.84,cmd1
20180425195602,7.88,27.83,cmd1
20180425195701,5.33,14.27,cmd1
20180425195801,65.19,39.6,cmd1
20180425195902,93.04,24.36,cmd1
20180425200001,8.92,12.97,cmd1
20180425200101,8.77,2.99,cmd1
20180425200202,39.22,17.28,cmd1
20180425200301,92.02,12.71,cmd1
20180425200401,36.41,2.19,cmd1
20180425200502,18.78,7.24,cmd1
20180425200601,53.4,25.15,cmd1
20180425200701,68.81,31.54,cmd1
20180425200802,78.18,38.07,cmd1
20180425200901,74.46,20.37,cmd1
20180425201002,51.48,14.48,cmd1
20180425201101,82.41,18.52,cmd1
20180425201201,99.95,35.99,cmd1
20180425201301,75.72,20.37,cmd1
20180425201402,99.69,3.66,cmd1
20180425201501,67.37,32.75,cmd1
20180425201601,66.94,39.63,cmd1
20180425201702,97.64,19.36,cmd1
20180425201801,45.89,38.33,cmd1
20180425201901,97.36,23.46,cmd1
20180425202002,67.56,39.06,cmd1
20180425202101,23.35,7.17,cmd1
20180425202201,10.5,33.33,cmd1
20180425202302,55.26,0.23,cmd1
20180425202401,18.23,2.3,cmd1
20180425202501,68.47,29.75,cmd1
20180425202602,87.73,38.53,cmd1
20180425202701,29.41,23.4,cmd1
20180425202801,73,8.11,cmd1
20180425202901,30.23,16.42,cmd1
20180425203001,31.22,40.66,cmd1
20180425203102,44.55,19.34,cmd1
20180425203201,88.33,39.3,cmd1
20180425203301,46.62,18.13,cmd1
20180425203402,10.02,20.66,cmd1
20180425203501,52.19,31.67,cmd3
20180425203601,80.98,27.32,cmd3
20180425203702,53.05,30.18,cmd3
20180425203801,30.77,17.2,cmd3
20180425203901,13.09,32.52,cmd3
20180425204002,70.59,1.99,cmd3
20180425204101,74.7,26.76,cmd3
20180425204201,94.88,18.43,cmd3
20180425204302,9.29,38.7,cmd3
20180425204401,11.11,0.16,cmd3
20180425204501,59.87,1.25,cmd3
20180425204602,10.52,38.92,cmd3
20180425204701,89.37,25.87,cmd3
20180425204801,73.23,39.49,cmd3
20180425204901,11.64,16.11,cmd3
20180425205001,43.24,15.23,cmd3
20180425205102,102.12,11.06,cmd3
20180425205201,101.58,38.3,cmd3
20180425205301,9.86,31.86,cmd3
20180425205402,43.38,34.46,cmd3
20180425205402,68.71,17.75,cmd3
20180425205501,50.35,29.14,cmd3
20180425205601,8.17,35.21,cmd11
20180425205702,37.63,15.05,cmd3
20180425205801,13.91,35.97,cmd3
20180425205901,39.14,27.89,cmd3
20180425200002,61.76,16.82,cmd3
20180425200101,59.86,18.94,cmd3
20180425200201,50.62,14.85,cmd3
20180425200302,46.87,13.04,cmd3
20180425201903,44.89,35.36,cmd3
20180425202001,62.07,17.68,cmd3
20180425202102,92.99,37.36,cmd3
20180425202201,76.33,39.16,cmd3
20180425202301,83.41,26.16,cmd13
20180425202402,74.57,10.72,cmd3
20180425202501,32.21,23.14,cmd3
20180425202601,13.11,3.45,cmd3
20180425202702,62.48,10.19,cmd3
20180425202801,51.39,0.94,cmd3
20180425202901,5.79,20.35,cmd3
20180425203002,44.94,25.54,cmd3
20180425203101,7.63,20.52,cmd3
20180425203201,31.34,27.46,cmd3
20180425203302,87.22,34.87,cmd11
20180425203401,11.71,34.39,cmd3
20180425203501,52.96,18.56,cmd3
20180425203602,88.54,37.63,cmd3
20180425203701,7.15,22.58,cmd3
20180425203801,54.96,16.69,cmd3
20180425203902,67.21,7.58,cmd3
20180425204001,69.16,6.75,cmd3
20180425204101,35.78,21.92,cmd3
20180425204202,61.35,26.16,cmd3
20180425204301,30.78,8.13,cmd3
20180425204401,72.05,28.12,cmd15
20180426165002,46.76,4.08,cmd3
20180426165102,95.06,13.42,cmd3
20180426165201,20.27,20.81,cmd3
20180426165301,88.82,13.06,cmd3
20180426165402,14.77,3.43,cmd3
20180426165402,8.42,38.35,cmd3
20180426165501,76.34,14.55,cmd3
20180426165601,93.84,13.09,cmd4
20180426165702,44.89,10,cmd11
20180426165801,72.49,17.79,cmd11
20180426165902,9.45,9.98,cmd15
20180426170001,54.14,22.37,cmd3
20180426170101,84.03,24.51,cmd3
20180426170202,53.39,14.89,cmd3
20180426170301,14.75,25.18,cmd15
20180426170401,79.73,36.73,cmd3
20180426170502,34.41,7.24,cmd3
20180426170601,88.15,23.76,cmd3
20180426170701,20.07,16.26,cmd4
20180426170802,75.59,34.47,cmd4
20180426170901,70.3,39.87,cmd3
20180426171001,63.74,39.99,cmd4
20180426171102,7.99,19.54,cmd3
20180426171201,16.94,24.5,cmd4
20180426171301,73.74,37.25,cmd4
20180426171402,44.93,18.54,cmd1
20180426171402,24.32,23.23,cmd4
20180426171501,102.86,18.85,cmd4
20180426171602,28.12,15.52,cmd1
20180426171701,61.18,16.14,cmd4
20180426171801,101.96,40.84,cmd4
20180426171902,28.6,14.91,cmd1
20180426172001,95.86,24.18,cmd1
20180426172101,91.35,23.63,cmd1
20180426172202,85.22,16.29,cmd1
20180426172301,96.89,27.74,cmd1
20180426172401,35.35,31.93,cmd1
20180426172502,26.13,33.37,cmd1
20180426172601,102.39,31.29,cmd4
20180426172601,89.34,29.38,cmd1
20180426172701,14.86,34.82,cmd1
20180426172802,90.38,28.51,cmd1
20180426172901,98.86,32.37,cmd1
20180426173002,101.62,36.9,cmd1
20180426173101,32.83,15.63,cmd1
20180426173201,24.65,13.91,cmd1
20180426173302,39.96,32.71,cmd1
20180426173401,7.81,9.32,cmd1
20180426173501,66.69,10.41,cmd1
20180426173602,14.36,26.58,cmd1
20180426173701,64.71,8.49,cmd1
20180426173801,84.4,35.48,cmd4
20180426173801,52.8,38.71,cmd4
20180426173902,50.72,36,cmd1
20180426174001,13.88,26.34,cmd1
20180426174101,83.35,30.89,cmd1
20180426174202,80.31,30.54,cmd4
20180426174301,46.02,38.16,cmd1
20180426174401,73.95,35.92,cmd4
20180426174401,102.72,40.49,cmd1
20180426174502,98.23,8.28,cmd1
20180426174601,79.48,26.12,cmd1
20180426174702,101,34.17,cmd1
20180426174801,56.16,1.14,cmd1
20180426174901,19.66,8.27,cmd4
20180426175002,64.47,22.61,cmd1
20180426175101,48.46,23.2,cmd1
20180426175201,28.22,2.49,cmd1
20180426175302,85.61,13.81,cmd1
20180426175401,13.91,6.92,cmd1
20180426175501,103.74,26.07,cmd1
20180426175602,61.54,9.5,cmd1
20180426175701,102.48,2.06,cmd1
20180426175802,51.66,13.28,cmd1
20180426175901,69.67,33.89,cmd4
20180426180001,82.96,11.11,cmd1
20180426180102,65.78,24.24,cmd4
20180426180201,95.29,1.75,cmd1
20180426180301,99.16,30.96,cmd4
20180426180301,41.71,25.51,cmd4
20180426180402,89.36,18.19,cmd1
20180426180501,25.63,22.72,cmd1
20180426180601,52.47,33.5,cmd4
20180426180601,83.25,25.29,cmd1
20180426180702,76.54,15.16,cmd1
20180426180801,76.92,33.56,cmd1
20180426180901,38.65,4.86,cmd1
20180426181002,59.63,3.63,cmd1
20180426181101,56.48,35.15,cmd4
20180426181201,31.91,4.31,cmd1
20180426181302,66.58,37.98,cmd1
20180426181502,16.83,23.85,cmd1
20180426181602,91.54,29.46,cmd1
20180426181701,42.49,34.43,cmd4
20180426181801,94.8,19.71,cmd1
20180426181902,33.59,33.01,cmd4
20180426182001,53.29,14.49,cmd1
20180426182101,33.7,13.33,cmd4
20180426182202,99.77,29.38,cmd4
20180426182301,18.08,34.44,cmd1
20180427121323,80.96,7.76,cmd1
20180427121401,103.33,6.14,cmd4
20180427121502,26.55,5.52,cmd1
20180427121601,90.21,5.47,cmd1
20180427121701,15.85,18.09,cmd4
20180427121802,87.83,8.81,cmd1
20180427121901,81.46,12.25,cmd1
20180427122001,52.12,12.42,cmd1
20180427122102,27.59,9.24,cmd1
20180427122201,86.52,25.94,cmd1
20180427122301,80.83,14,cmd1
20180427122402,18.5,9.23,cmd4
20180427122501,19.84,31.75,cmd1
20180427122601,51.51,1.01,cmd4
20180427122702,78.36,11.66,cmd4
20180427122801,28.12,38.1,cmd1
20180427122901,78.88,6.31,cmd1
20180427123002,11.86,14.62,cmd1
20180427123101,60.45,10.73,cmd4
20180427123201,13.46,25.01,cmd4
20180427123302,53.78,18.71,cmd1
20180427123401,67.98,2.08,cmd1
20180427123501,60.95,10.24,cmd4
20180427123602,50.66,32.28,cmd1
20180427123701,13.53,12.41,cmd4
20180427123801,101.01,2.42,cmd1
20180427123902,19.05,9.66,cmd1
20180427124001,26.82,7.41,cmd1
20180427124101,9.57,31.69,cmd1
20180427124202,101.14,12.94,cmd1
20180427124301,6.24,20.16,cmd1
20180427124401,25.15,33.54,cmd4
20180427124502,17.5,28.64,cmd4
20180427124601,84.45,29.06,cmd4
20180427124702,75.96,8.75,cmd11
20180427124801,28.18,26.5,cmd1
20180427124901,14.36,23.71,cmd1
20180427125002,92.77,24.16,cmd1
20180427125101,34.15,3.88,cmd1
20180427125201,75.08,15.3,cmd4
20180427125302,18.15,7.13,cmd4
20180427125401,7.74,17.32,cmd4
20180427125501,85.42,29.52,cmd4
20180427125602,102.92,17.7,cmd4
20180427125602,68.86,19.15,cmd1
20180427125602,27.62,1.54,cmd4
20180427125701,63.61,38.07,cmd4
20180427125701,91.85,12.82,cmd4
20180427125802,41,28.17,cmd8
20180427125802,47.57,16.37,cmd4
20180427125901,71.37,12.73,cmd4
20180427125901,86.88,9.16,cmd4
20180427130001,82.47,14.94,cmd4
20180427130102,76.47,40.34,cmd13
20180427130102,67.62,24.69,cmd12
20180427130102,100.41,16.78,cmd4
20180427130201,15.28,40.26,cmd4
20180427130301,82.95,21.82,cmd4
20180427130402,12.25,18.96,cmd4
20180427130501,13.23,23.41,cmd4
20180427130601,22.67,39.2,cmd4
20180427130702,9.96,23.85,cmd4
20180427130801,9.13,30.57,cmd1
20180427130901,44.42,30.58,cmd4
20180427131002,18.45,14.86,cmd4
20180427131101,55.98,17.37,cmd4
20180427131201,90.35,39.74,cmd4
20180427131302,54.75,31.56,cmd4
20180427131401,34.64,25.09,cmd4
20180427131401,88.08,17.73,cmd4
20180427131501,64.43,6.56,cmd4
20180427131602,78.08,7.34,cmd4
20180427131701,11.26,27.85,cmd4
20180427131801,31.94,4.61,cmd4
20180427131901,49.51,8.35,cmd4
20180427132001,57.7,37.39,cmd4
20180427132102,86.78,25.31,cmd3
20180427132102,74.72,30.56,cmd9
20180427132102,101.7,32.29,cmd4
20180427132201,53.16,24.22,cmd1
20180427132201,52.58,4.82,cmd4
20180427132301,68.79,36.34,cmd4
20180427132301,91.44,32.85,cmd4
20180427132301,101.35,9.71,cmd4
20180427132402,81.22,39.16,cmd4
20180427132402,62.29,22.72,cmd4
20180427132501,20.07,0.81,cmd4
20180427132601,56.92,32.1,cmd1
20180427132702,42.02,9.14,cmd4
20180427132702,96,36.6,cmd11
20180427132801,22.29,28.21,cmd1
20180427132801,36.88,39.53,cmd11
20180427132901,29.94,12.69,cmd1
20180427132901,14.29,36.26,cmd4
20180427133002,47.15,38.13,cmd4
20180427133101,102.33,22.26,cmd4
20180427133201,83.6,26.91,cmd4
20180427133302,39.34,15.28,cmd4
20180427133401,22.25,30.97,cmd4
20180427133501,60.96,30.87,cmd5
20180427133501,85.2,25.96,cmd3
20180427133501,65.96,12.26,cmd4
20180427133602,15.22,12.93,cmd9
20180428133602,48.05,34.61,cmd1
20180428133602,50.26,21.33,cmd4
20180428133701,95.23,18.49,cmd4
20180428133801,96.61,28.17,cmd4
20180428133902,40.08,35.16,cmd4
20180428134001,71.98,15.29,cmd3
20180428134001,59.46,6.53,cmd11
20180428134101,24.04,22.73,cmd1
20180428134101,42.53,3.09,cmd11
20180428134101,98.01,38.05,cmd4
20180428134202,59.21,40.49,cmd4
20180428134301,24.5,36.99,cmd4
20180429154502,12.31,10.5,cmd3
20180429154601,19.7,8.5,cmd3
20180429154701,70.23,21.53,cmd3
20180429154801,94.06,24.26,cmd3
20180429154901,21.78,9.35,cmd3
20180429155001,17.82,5.6,cmd3
20180429155101,11.44,3.69,cmd3
20180429155201,17.87,33.38,cmd3
20180429155302,29.74,9.61,cmd3
20180429155401,46.54,5.97,cmd3
20180429155501,72.86,17.61,cmd3
20180429155602,30.87,4.62,cmd3
20180429155701,99.11,40.68,cmd3
20180429155801,24.27,20.47,cmd3
20180429155902,98.98,2.91,cmd3
20180429160001,28.59,19.32,cmd3
20180429171857,46.85,14.62,cmd3
20180429171902,93.23,5.33,cmd3
20180429172001,32.7,19.09,cmd3
20180429172102,7.21,4.07,cmd3
20180429172201,83.39,38.02,cmd5
20180429172301,93.25,28.5,cmd3
20180429172402,85.45,31.39,cmd3
20180429172501,77.96,1.24,cmd3
20180429172601,71.71,15.7,cmd3
20180429172702,79.57,22.66,cmd3
20180429172801,78.35,40.71,cmd3
20180429172901,85.99,35.91,cmd3
20180429173002,8.44,4.1,cmd3
20180429173101,22.6,32.38,cmd3
20180429173201,69.2,15.71,cmd1
20180429173302,52.19,0.01,cmd1
20180429173401,17.09,24.06,cmd4
20180429173501,20.51,25.65,cmd1
20180429173602,52.24,10.89,cmd1
20180429173701,13.73,27.25,cmd1
20180429173802,46.29,31.31,cmd1
20180429173901,81.2,37.67,cmd1
20180429174001,49.94,7.66,cmd1
20180429174102,31.63,7.69,cmd1
20180429174201,53.5,40.99,cmd1
20180429174301,63.66,37.91,cmd3
20180429174402,61.12,8.56,cmd1
20180429174501,73.64,24.73,cmd1
20180429174601,18.27,13.66,cmd1
20180430174702,19.8,29.96,cmd1
20180430174801,96.62,2.23,cmd1
20180430174901,15.73,28.18,cmd1
20180430175001,7.94,2.62,cmd1
20180430175101,67.89,4.56,cmd1
20180430175202,81.4,26.54,cmd1
20180430175402,33.13,0.02,cmd1
20180430175501,9.65,16.79,cmd1
20180430175602,79,20.42,cmd1
20180430175701,97.23,9.82,cmd1
20180430175801,10.85,40.62,cmd1
20180430175902,78.4,14.62,cmd1
20180430180001,63.86,19.04,cmd1
20180430180101,12.06,27.53,cmd1
20180430180202,64.36,29.38,cmd1
20180430180301,55.07,30.99,cmd1
20180430180401,64.78,8.67,cmd1
20180430180502,81.16,36.8,cmd1
20180430180601,93.86,4.63,cmd1
20180430180701,75.45,0.08,cmd1
20180430180802,103.28,12.56,cmd1
20180430180901,53.55,2.93,cmd1
20180430181002,101.21,32.48,cmd1
20180430181101,75.29,2.01,cmd1
20180430181201,12.1,26.48,cmd1
20180430181302,10.29,14.49,cmd1
20180430181401,54.85,34.61,cmd1
20180430181501,11.76,2.97,cmd1
20180430175401,73.06,17.39,cmd1
20180430175502,67.6,30.64,cmd1
20180430175601,77.83,26.6,cmd1
20180430175701,81.02,28.4,cmd1
20180430175802,15.1,27.5,cmd1
20180430175901,90.33,13.95,cmd1
20180430180001,74.35,31.33,cmd3
20180430180101,56.48,11.43,cmd1
20180430180201,18.42,37.3,cmd1
20180430180302,71.18,12.39,cmd1
20180430180401,37.49,21.93,cmd1
20180430180501,11.59,31.78,cmd1
20180430180602,62.35,20.01,cmd1
20180430180701,24.53,14.74,cmd1
20180430180801,47.97,1.98,cmd1
20180430180902,87.83,28.04,cmd1
20180430181001,97.58,13.39,cmd1
20180430181101,62.89,10.32,cmd1
20180430181202,79.13,25.45,cmd1
20180430181301,74.57,23.48,cmd1
20180430181401,23.33,38.3,cmd3
20180430181502,61.78,7.24,cmd1
20180430181601,81.72,22.26,cmd1
20180430181701,34.03,17.16,cmd1
20180430181802,11.07,6.31,cmd1
20180430181901,13.97,22.95,cmd1
20180430182001,81.92,30.4,cmd1
20180430182101,68.5,3.15,cmd1
20180430182201,28.28,17.4,cmd1
20180430182302,88.72,7.61,cmd1
20180430182401,7.07,32.85,cmd1
20180430182501,87.9,15.33,cmd1
20180430182602,34.82,39.26,cmd1
20180430182701,83.62,35.99,cmd1
20180430182801,71.19,15.32,cmd1
20180430182902,41.97,32.84,cmd1
20180430183001,11.11,30.23,cmd1
20180430183101,6.39,22.74,cmd1
20180430183202,36.68,22.46,cmd1
20180430183301,48.52,1.52,cmd1
20180430183401,88.74,10.51,cmd1
20180430183502,53.5,4.71,cmd1
20180430183601,49.66,36.08,cmd1
20180430183701,81.15,39.49,cmd1
20180430183802,53.86,6.3,cmd1
20180430183901,24.54,24.84,cmd1
20180430184002,54.2,23.43,cmd1
20180430184101,91.29,4.49,cmd1
20180430184201,64.27,39.98,cmd1
20180430184301,86.15,27.79,cmd4
20180430184401,91.02,0.12,cmd1
20180430184401,68.48,36.41,cmd1
20180430184501,62.06,36.71,cmd1
20180430184602,77.52,17.07,cmd1
20180430184701,38.09,2.18,cmd1
20180430184801,5.41,39.65,cmd1
20180430184902,91.56,38.45,cmd1
20180430185001,15.47,2.25,cmd1
20180430185101,72.8,16.15,cmd3
20180430185202,5.83,10.89,cmd3
20180430185301,84.79,6.22,cmd1
20180430185401,7.44,25.52,cmd1
20180430185502,60.18,29.13,cmd1
20180430185601,102.29,17.56,cmd1
20180430185701,41.34,5.27,cmd1
20180430185802,61.79,36.07,cmd1
20180430185901,18.95,10.3,cmd1
20180430190001,57.82,12.54,cmd1
20180430190102,16.43,2.85,cmd1
20180430190201,21.54,21.92,cmd1
20180430190301,61.38,36.28,cmd1
20180430190402,35.83,4.33,cmd1
20180430190501,32.91,29.97,cmd1
20180430190601,45.68,35.39,cmd1
20180430190702,34.02,12.58,cmd1
20180430190801,94.49,39.15,cmd1
20180430190901,62.76,4.32,cmd1
20180430191002,96.35,8.1,cmd1
20180430191101,51.64,12.91,cmd1
20180430191201,7.66,25.9,cmd1
20180430191301,69.35,5.26,cmd1
20180430191401,43.17,21.29,cmd1
20180430191502,84.39,0.52,cmd1
20180430191601,5.84,28.11,cmd1
20180430191701,26.12,7.33,cmd1
20180430191802,6.09,28.22,cmd1
20180430191901,21.9,38.95,cmd1
20180430192001,16.19,21.16,cmd1
20180430192102,72,13.36,cmd3
20180430192201,94.24,17.72,cmd1
20180430192301,38.92,13.93,cmd1
20180430192402,41.69,31.4,cmd1
20180430192501,66.66,25.39,cmd1
20180430192601,81.04,25.57,cmd1
20180430192702,50.67,14.51,cmd2
20180430192801,69.94,7.39,cmd1
20180430192901,40.41,12.74,cmd2
20180430193002,34.58,18.73,cmd2
20180430193101,37.97,11.74,cmd2
20180430193201,11.18,35.38,cmd14
20180430193302,38.99,19.31,cmd1
20180430193401,28.21,14.82,cmd1
20180430193501,84.36,18.15,cmd2
20180430193602,64.15,12.81,cmd2
20180430193701,31.2,18.67,cmd2
20180430193801,7.46,6.52,cmd11
20180430193901,9.56,3.04,cmd2
20180430193901,70.71,6.66,cmd2
20180430194001,47.82,27.68,cmd2
20180430194102,68.66,35.53,cmd2
20180430194201,88.17,21.71,cmd2
20180430194301,69.64,3.27,cmd2
20180430194402,96.52,39.8,cmd2
20180430194501,29.79,25.06,cmd2
20180430194601,24.46,35.54,cmd2
20180430194702,38.56,21.18,cmd2
20180430194801,88.2,23.39,cmd3
